"","Sample","Subsample","Length","Width"
"1","BU_22_A001","BU_22_A001-1_A.jpg",0.683,0.252
"2","BU_22_A001","BU_22_A001-1_A.jpg",1.049,0.187
"3","BU_22_A001","BU_22_A001-1_A.jpg",0.703,0.156
"4","BU_22_A001","BU_22_A001-1_A.jpg",0.69,0.148
"5","BU_22_A001","BU_22_A001-1_A.jpg",0.841,0.275
"6","BU_22_A001","BU_22_A001-1_A.jpg",0.846,0.191
"7","BU_22_A001","BU_22_A001-1_A.jpg",0.675,0.153
"8","BU_22_A001","BU_22_A001-1_A.jpg",0.651,0.132
"9","BU_22_A001","BU_22_A001-1_A.jpg",0.447,0.138
"10","BU_22_A001","BU_22_A001-1_A.jpg",0.837,0.204
"11","BU_22_A001","BU_22_A001-1_A.jpg",0.98,0.183
"12","BU_22_A001","BU_22_A001-1_A.jpg",0.535,0.142
"13","BU_22_A001","BU_22_A001-1_A.jpg",0.862,0.165
"14","BU_22_A001","BU_22_A001-1_B.jpg",1.318,0.227
"15","BU_22_A001","BU_22_A001-1_B.jpg",1.032,0.218
"16","BU_22_A001","BU_22_A001-1_B.jpg",0.582,0.127
"17","BU_22_A001","BU_22_A001-1_B.jpg",0.716,0.174
"18","BU_22_A001","BU_22_A001-1_B.jpg",0.902,0.245
"19","BU_22_A001","BU_22_A001-1_B.jpg",0.866,0.134
"20","BU_22_A001","BU_22_A001-1_B.jpg",0.704,0.173
"21","BU_22_A001","BU_22_A001-1_B.jpg",0.588,0.15
"22","BU_22_A001","BU_22_A001-1_B.jpg",0.85,0.179
"23","BU_22_A001","BU_22_A001-1_B.jpg",0.975,0.222
"24","BU_22_A001","BU_22_A001-1_B.jpg",0.757,0.243
"25","BU_22_A001","BU_22_A001-1_C.jpg",0.591,0.203
"26","BU_22_A001","BU_22_A001-1_C.jpg",0.818,0.232
"27","BU_22_A001","BU_22_A001-1_C.jpg",0.673,0.164
"28","BU_22_A001","BU_22_A001-1_C.jpg",0.728,0.198
"29","BU_22_A001","BU_22_A001-1_C.jpg",0.626,0.161
"30","BU_22_A001","BU_22_A001-1_C.jpg",0.68,0.124
"31","BU_22_A001","BU_22_A001-1_C.jpg",0.909,0.204
"32","BU_22_A001","BU_22_A001-1_C.jpg",0.587,0.134
"33","BU_22_A001","BU_22_A001-1_C.jpg",0.883,0.201
"34","BU_22_A001","BU_22_A001-1_D.jpg",0.708,0.183
"35","BU_22_A001","BU_22_A001-1_D.jpg",0.282,0.172
"36","BU_22_A001","BU_22_A001-1_D.jpg",0.856,0.257
"37","BU_22_A001","BU_22_A001-1_D.jpg",1.031,0.165
"38","BU_22_A001","BU_22_A001-1_D.jpg",0.424,0.166
"39","BU_22_A001","BU_22_A001-1_D.jpg",0.549,0.139
"40","BU_22_A001","BU_22_A001-1_D.jpg",0.758,0.143
"41","BU_22_A001","BU_22_A001-1_D.jpg",0.506,0.163
"42","BU_22_A001","BU_22_A001-2_A.jpg",0.833,0.155
"43","BU_22_A001","BU_22_A001-2_A.jpg",0.813,0.181
"44","BU_22_A001","BU_22_A001-2_A.jpg",0.754,0.23
"45","BU_22_A001","BU_22_A001-2_A.jpg",0.63,0.216
"46","BU_22_A001","BU_22_A001-2_A.jpg",0.637,0.183
"47","BU_22_A001","BU_22_A001-2_B.jpg",0.602,0.189
"48","BU_22_A001","BU_22_A001-2_B.jpg",0.81,0.167
"49","BU_22_A001","BU_22_A001-2_B.jpg",0.823,0.119
"50","BU_22_A001","BU_22_A001-2_B.jpg",0.562,0.213
"51","BU_22_A001","BU_22_A001-2_B.jpg",0.52,0.139
"52","BU_22_A001","BU_22_A001-2_B.jpg",0.457,0.157
"53","BU_22_A001","BU_22_A001-2_B.jpg",0.503,0.221
"54","BU_22_A001","BU_22_A001-2_C.jpg",0.673,0.189
"55","BU_22_A001","BU_22_A001-2_C.jpg",0.563,0.157
"56","BU_22_A001","BU_22_A001-2_C.jpg",0.654,0.245
"57","BU_22_A001","BU_22_A001-2_C.jpg",0.673,0.204
"58","BU_22_A001","BU_22_A001-2_D.jpg",0.722,0.256
"59","BU_22_A001","BU_22_A001-2_D.jpg",0.417,0.194
"60","BU_22_A001","BU_22_A001-2_D.jpg",0.623,0.148
"61","BU_22_A001","BU_22_A001-2_D.jpg",0.533,0.146
"62","BU_22_A001","BU_22_A001-2_D.jpg",0.863,0.163
"63","BU_22_A001","BU_22_A001-2_D.jpg",0.556,0.148
"64","BU_22_A001","BU_22_A001-3_A.jpg",0.764,0.182
"65","BU_22_A001","BU_22_A001-3_A.jpg",0.647,0.171
"66","BU_22_A001","BU_22_A001-3_A.jpg",0.607,0.153
"67","BU_22_A001","BU_22_A001-3_A.jpg",0.564,0.172
"68","BU_22_A001","BU_22_A001-3_B.jpg",0.784,0.17
"69","BU_22_A001","BU_22_A001-3_C.jpg",0.675,0.175
"70","BU_22_A001","BU_22_A001-3_C.jpg",1.068,0.351
"71","BU_22_A001","BU_22_A001-3_C.jpg",0.526,0.175
"72","BU_22_A001","BU_22_A001-3_D.jpg",0.78,0.149
"73","BU_22_A001","BU_22_A001-3_D.jpg",0.655,0.168
"74","BU_22_A001","BU_22_A001-3_D.jpg",0.689,0.144
"75","BU_22_A018","BU_22_A018-1_A.jpg",0.552,0.187
"76","BU_22_A018","BU_22_A018-1_B.jpg",0.578,0.158
"77","BU_22_A018","BU_22_A018-1_C.jpg",0.449,0.133
"78","BU_22_A018","BU_22_A018-1_C.jpg",0.594,0.135
"79","BU_22_A018","BU_22_A018-1_C.jpg",0.783,0.183
"80","BU_22_A018","BU_22_A018-1_C.jpg",0.597,0.155
"81","BU_22_A018","BU_22_A018-1_C.jpg",0.554,0.175
"82","BU_22_A018","BU_22_A018-1_D.jpg",0.568,0.203
"83","BU_22_A018","BU_22_A018-1_D.jpg",0.498,0.146
"84","BU_22_A018","BU_22_A018-1_D.jpg",0.396,0.144
"85","BU_22_A018","BU_22_A018-2_A.jpg",0.677,0.152
"86","BU_22_A018","BU_22_A018-2_A.jpg",0.63,0.17
"87","BU_22_A018","BU_22_A018-2_A.jpg",0.661,0.235
"88","BU_22_A018","BU_22_A018-2_A.jpg",0.478,0.217
"89","BU_22_A018","BU_22_A018-2_B.jpg",0.734,0.176
"90","BU_22_A018","BU_22_A018-2_B.jpg",0.616,0.195
"91","BU_22_A018","BU_22_A018-2_B.jpg",0.508,0.132
"92","BU_22_A018","BU_22_A018-2_B.jpg",0.495,0.153
"93","BU_22_A018","BU_22_A018-2_B.jpg",0.282,0.151
"94","BU_22_A018","BU_22_A018-2_B.jpg",0.523,0.157
"95","BU_22_A018","BU_22_A018-2_C.jpg",0.8,0.202
"96","BU_22_A018","BU_22_A018-2_C.jpg",0.862,0.179
"97","BU_22_A018","BU_22_A018-2_C.jpg",0.637,0.155
"98","BU_22_A018","BU_22_A018-2_C.jpg",0.47,0.148
"99","BU_22_A018","BU_22_A018-2_C.jpg",0.601,0.168
"100","BU_22_A018","BU_22_A018-2_C.jpg",0.552,0.167
"101","BU_22_A018","BU_22_A018-2_C.jpg",0.711,0.08
"102","BU_22_A018","BU_22_A018-2_C.jpg",0.358,0.216
"103","BU_22_A018","BU_22_A018-2_C.jpg",0.778,0.151
"104","BU_22_A018","BU_22_A018-2_C.jpg",0.434,0.146
"105","BU_22_A018","BU_22_A018-2_D.jpg",0.694,0.168
"106","BU_22_A018","BU_22_A018-2_D.jpg",0.772,0.168
"107","BU_22_A018","BU_22_A018-2_D.jpg",0.398,0.213
"108","BU_22_A018","BU_22_A018-3_A.jpg",0.955,0.29
"109","BU_22_A018","BU_22_A018-3_A.jpg",0.484,0.216
"110","BU_22_A018","BU_22_A018-3_A.jpg",0.596,0.174
"111","BU_22_A018","BU_22_A018-3_A.jpg",0.648,0.165
"112","BU_22_A018","BU_22_A018-3_A.jpg",0.293,0.196
"113","BU_22_A018","BU_22_A018-3_B.jpg",0.634,0.167
"114","BU_22_A018","BU_22_A018-3_B.jpg",0.856,0.216
"115","BU_22_A018","BU_22_A018-3_B.jpg",0.529,0.225
"116","BU_22_A018","BU_22_A018-3_B.jpg",0.735,0.209
"117","BU_22_A018","BU_22_A018-3_B.jpg",0.6,0.157
"118","BU_22_A018","BU_22_A018-3_B.jpg",0.594,0.238
"119","BU_22_A018","BU_22_A018-3_C.jpg",0.735,0.16
"120","BU_22_A018","BU_22_A018-3_C.jpg",0.347,0.139
"121","BU_22_A018","BU_22_A018-3_C.jpg",0.651,0.222
"122","BU_22_A018","BU_22_A018-3_C.jpg",0.435,0.148
"123","BU_22_A018","BU_22_A018-3_D.jpg",0.581,0.141
"124","BU_22_A018","BU_22_A018-3_D.jpg",1.185,0.218
"125","BU_22_A018","BU_22_A018-3_D.jpg",0.77,0.148
"126","BU_22_A018","BU_22_A018-3_D.jpg",1.042,0.116
"127","BU_22_A018","BU_22_A018-3_D.jpg",0.645,0.142
"128","BU_22_A018","BU_22_A018-3_D.jpg",1.006,0.268
"129","BU_22_A018","BU_22_A018-3_D.jpg",0.539,0.166
"130","BU_22_A018","BU_22_A018-4_A.jpg",0.944,0.274
"131","BU_22_A018","BU_22_A018-4_A.jpg",1.588,0.322
"132","BU_22_A018","BU_22_A018-4_A.jpg",0.607,0.256
"133","BU_22_A018","BU_22_A018-4_B.jpg",0.532,0.208
"134","BU_22_A018","BU_22_A018-4_B.jpg",0.417,0.187
"135","BU_22_A018","BU_22_A018-4_B.jpg",0.592,0.175
"136","BU_22_A018","BU_22_A018-4_B.jpg",0.396,0.144
"137","BU_22_A018","BU_22_A018-4_B.jpg",0.429,0.195
"138","BU_22_A018","BU_22_A018-4_C.jpg",0.561,0.191
"139","BU_22_A018","BU_22_A018-4_C.jpg",0.372,0.127
"140","BU_22_A018","BU_22_A018-4_D.jpg",0.724,0.209
"141","BU_22_A018","BU_22_A018-4_D.jpg",0.546,0.204
"142","BU_22_A018","BU_22_A018-4_D.jpg",0.815,0.32
"143","BU_22_A018","BU_22_A018-4_D.jpg",0.803,0.183
"144","BU_22_A018","BU_22_A018-4_D.jpg",0.332,0.173
"145","BU_22_A018","BU_22_A018-5_A.jpg",0.931,0.137
"146","BU_22_A018","BU_22_A018-5_A.jpg",0.813,0.344
"147","BU_22_A018","BU_22_A018-5_A.jpg",0.684,0.174
"148","BU_22_A018","BU_22_A018-5_B.jpg",0.564,0.223
"149","BU_22_A018","BU_22_A018-5_B.jpg",0.546,0.233
"150","BU_22_A018","BU_22_A018-5_B.jpg",0.596,0.138
"151","BU_22_A018","BU_22_A018-5_B.jpg",0.547,0.153
"152","BU_22_A018","BU_22_A018-5_B.jpg",0.546,0.206
"153","BU_22_A018","BU_22_A018-5_C.jpg",0.769,0.177
"154","BU_22_A018","BU_22_A018-5_C.jpg",1.602,0.213
"155","BU_22_A018","BU_22_A018-5_C.jpg",0.72,0.3
"156","BU_22_A018","BU_22_A018-5_C.jpg",0.492,0.117
"157","BU_22_A018","BU_22_A018-5_C.jpg",0.651,0.2
"158","BU_22_A018","BU_22_A018-5_C.jpg",0.434,0.159
"159","BU_22_A018","BU_22_A018-5_C.jpg",0.57,0.187
"160","BU_22_A018","BU_22_A018-5_C.jpg",0.649,0.186
"161","BU_22_A018","BU_22_A018-5_D.jpg",0.871,0.252
"162","BU_22_A018","BU_22_A018-5_D.jpg",0.64,0.286
"163","BU_22_A018","BU_22_A018-5_D.jpg",0.879,0.22
"164","BU_22_A018","BU_22_A018-5_D.jpg",0.582,0.148
"165","BU_22_A018","BU_22_A018-5_D.jpg",0.713,0.185
"166","BU_22_A018","BU_22_A018-5_D.jpg",0.515,0.181
"167","BU_22_A018","BU_22_A018-5_D.jpg",0.903,0.191
"168","BU_22_A018","BU_22_A018-6_A.jpg",0.974,0.166
"169","BU_22_A018","BU_22_A018-6_A.jpg",0.821,0.17
"170","BU_22_A018","BU_22_A018-6_A.jpg",0.436,0.169
"171","BU_22_A018","BU_22_A018-6_A.jpg",0.496,0.153
"172","BU_22_A018","BU_22_A018-6_A.jpg",0.584,0.164
"173","BU_22_A018","BU_22_A018-6_A.jpg",1.209,0.29
"174","BU_22_A018","BU_22_A018-6_B.jpg",0.479,0.153
"175","BU_22_A018","BU_22_A018-6_B.jpg",0.775,0.178
"176","BU_22_A018","BU_22_A018-6_B.jpg",0.545,0.153
"177","BU_22_A018","BU_22_A018-6_B.jpg",0.393,0.148
"178","BU_22_A018","BU_22_A018-6_B.jpg",0.83,0.304
"179","BU_22_A018","BU_22_A018-6_C.jpg",1.018,0.234
"180","BU_22_A018","BU_22_A018-6_C.jpg",0.751,0.245
"181","BU_22_A018","BU_22_A018-6_C.jpg",0.596,0.165
"182","BU_22_A018","BU_22_A018-6_C.jpg",0.659,0.126
"183","BU_22_A018","BU_22_A018-6_C.jpg",0.624,0.191
"184","BU_22_A018","BU_22_A018-6_D.jpg",0.728,0.179
"185","BU_22_A018","BU_22_A018-6_D.jpg",0.593,0.169
"186","BU_22_A018","BU_22_A018-6_D.jpg",1.022,0.21
"187","BU_22_A018","BU_22_A018-6_D.jpg",0.75,0.233
"188","BU_22_A018","BU_22_A018-6_D.jpg",0.751,0.193
"189","BU_22_A033","BU_22_A033-1_A.jpg",0.64,0.135
"190","BU_22_A033","BU_22_A033-1_A.jpg",0.521,0.126
"191","BU_22_A033","BU_22_A033-1_A.jpg",1.152,0.276
"192","BU_22_A033","BU_22_A033-1_A.jpg",0.381,0.17
"193","BU_22_A033","BU_22_A033-1_B.jpg",0.804,0.2
"194","BU_22_A033","BU_22_A033-1_B.jpg",0.639,0.175
"195","BU_22_A033","BU_22_A033-1_B.jpg",0.663,0.175
"196","BU_22_A033","BU_22_A033-1_B.jpg",0.396,0.13
"197","BU_22_A033","BU_22_A033-1_C.jpg",0.823,0.135
"198","BU_22_A033","BU_22_A033-1_C.jpg",0.809,0.207
"199","BU_22_A033","BU_22_A033-1_C.jpg",0.696,0.136
"200","BU_22_A033","BU_22_A033-1_D.jpg",0.452,0.126
"201","BU_22_A033","BU_22_A033-1_D.jpg",1.207,0.188
"202","BU_22_A033","BU_22_A033-1_D.jpg",0.77,0.174
"203","BU_22_A033","BU_22_A033-1_D.jpg",0.764,0.222
"204","BU_22_A033","BU_22_A033-1_D.jpg",1.009,0.196
"205","BU_22_A033","BU_22_A033-1_D.jpg",0.488,0.175
"206","BU_22_A033","BU_22_A033-1_D.jpg",1.065,0.148
"207","BU_22_A033","BU_22_A033-2_A.jpg",0.868,0.216
"208","BU_22_A033","BU_22_A033-2_A.jpg",1.724,0.259
"209","BU_22_A033","BU_22_A033-2_A.jpg",1.075,0.194
"210","BU_22_A033","BU_22_A033-2_A.jpg",0.799,0.258
"211","BU_22_A033","BU_22_A033-2_A.jpg",0.612,0.176
"212","BU_22_A033","BU_22_A033-2_B.jpg",0.994,0.223
"213","BU_22_A033","BU_22_A033-2_B.jpg",0.715,0.181
"214","BU_22_A033","BU_22_A033-2_B.jpg",0.64,0.196
"215","BU_22_A033","BU_22_A033-2_B.jpg",0.578,0.186
"216","BU_22_A033","BU_22_A033-2_C.jpg",0.733,0.234
"217","BU_22_A033","BU_22_A033-2_C.jpg",1.19,0.203
"218","BU_22_A033","BU_22_A033-2_C.jpg",1.26,0.203
"219","BU_22_A033","BU_22_A033-2_C.jpg",0.818,0.179
"220","BU_22_A033","BU_22_A033-2_C.jpg",0.495,0.239
"221","BU_22_A033","BU_22_A033-2_C.jpg",0.833,0.197
"222","BU_22_A033","BU_22_A033-2_D.jpg",0.573,0.173
"223","BU_22_A033","BU_22_A033-2_D.jpg",0.927,0.119
"224","BU_22_A033","BU_22_A033-2_D.jpg",0.804,0.178
"225","BU_22_A033","BU_22_A033-2_D.jpg",0.54,0.172
"226","BU_22_A033","BU_22_A033-2_D.jpg",0.46,0.179
"227","BU_22_A033","BU_22_A033-3_A.jpg",0.654,0.206
"228","BU_22_A033","BU_22_A033-3_A.jpg",0.397,0.166
"229","BU_22_A033","BU_22_A033-3_B.jpg",0.591,0.187
"230","BU_22_A033","BU_22_A033-3_B.jpg",0.617,0.137
"231","BU_22_A033","BU_22_A033-3_B.jpg",0.462,0.155
"232","BU_22_A033","BU_22_A033-3_B.jpg",0.702,0.149
"233","BU_22_A033","BU_22_A033-3_C.jpg",0.686,0.183
"234","BU_22_A033","BU_22_A033-3_C.jpg",0.757,0.161
"235","BU_22_A033","BU_22_A033-3_C.jpg",0.751,0.239
"236","BU_22_A033","BU_22_A033-3_C.jpg",0.345,0.151
"237","BU_22_A033","BU_22_A033-3_D.jpg",0.76,0.183
"238","BU_22_A033","BU_22_A033-3_D.jpg",0.915,0.231
"239","BU_22_A033","BU_22_A033-3_D.jpg",0.5,0.196
"240","BU_22_A033","BU_22_A033-3_D.jpg",0.485,0.123
"241","BU_22_A033","BU_22_A033-3_D.jpg",0.541,0.142
"242","BU_22_A033","BU_22_A033-3_D.jpg",0.698,0.209
"243","BU_22_A033","BU_22_A033-3_D.jpg",0.455,0.144
"244","BU_22_A033","BU_22_A033-4_A.jpg",0.762,0.183
"245","BU_22_A033","BU_22_A033-4_A.jpg",0.647,0.204
"246","BU_22_A033","BU_22_A033-4_A.jpg",0.465,0.099
"247","BU_22_A033","BU_22_A033-4_A.jpg",0.329,0.214
"248","BU_22_A033","BU_22_A033-4_A.jpg",0.493,0.124
"249","BU_22_A033","BU_22_A033-4_A.jpg",0.329,0.159
"250","BU_22_A033","BU_22_A033-4_B.jpg",1.255,0.228
"251","BU_22_A033","BU_22_A033-4_B.jpg",0.628,0.121
"252","BU_22_A033","BU_22_A033-4_B.jpg",0.615,0.153
"253","BU_22_A033","BU_22_A033-4_B.jpg",0.307,0.121
"254","BU_22_A033","BU_22_A033-4_C.jpg",1.3,0.172
"255","BU_22_A033","BU_22_A033-4_C.jpg",0.814,0.222
"256","BU_22_A033","BU_22_A033-4_C.jpg",1.021,0.156
"257","BU_22_A033","BU_22_A033-4_C.jpg",0.426,0.144
"258","BU_22_A033","BU_22_A033-4_C.jpg",0.635,0.157
"259","BU_22_A033","BU_22_A033-4_D.jpg",0.996,0.234
"260","BU_22_A033","BU_22_A033-4_D.jpg",0.987,0.296
"261","BU_22_A033","BU_22_A033-5_A.jpg",1.014,0.144
"262","BU_22_A033","BU_22_A033-5_A.jpg",0.819,0.104
"263","BU_22_A033","BU_22_A033-5_A.jpg",0.409,0.207
"264","BU_22_A033","BU_22_A033-5_A.jpg",0.559,0.146
"265","BU_22_A033","BU_22_A033-5_B.jpg",0.313,0.16
"266","BU_22_A033","BU_22_A033-5_C.jpg",0.765,0.189
"267","BU_22_A033","BU_22_A033-5_C.jpg",0.686,0.2
"268","BU_22_A033","BU_22_A033-5_C.jpg",0.813,0.189
"269","BU_22_A033","BU_22_A033-5_C.jpg",0.529,0.216
"270","BU_22_A033","BU_22_A033-5_C.jpg",0.452,0.172
"271","BU_22_A033","BU_22_A033-5_D.jpg",0.814,0.18
"272","BU_22_A033","BU_22_A033-5_D.jpg",0.581,0.105
"273","BU_22_A033","BU_22_A033-6_A.jpg",0.556,0.146
"274","BU_22_A033","BU_22_A033-6_A.jpg",0.751,0.254
"275","BU_22_A033","BU_22_A033-6_A.jpg",0.513,0.163
"276","BU_22_A033","BU_22_A033-6_A.jpg",0.465,0.171
"277","BU_22_A033","BU_22_A033-6_A.jpg",0.386,0.117
"278","BU_22_A033","BU_22_A033-6_B.jpg",0.678,0.222
"279","BU_22_A033","BU_22_A033-6_B.jpg",0.776,0.187
"280","BU_22_A033","BU_22_A033-6_B.jpg",1.086,0.14
"281","BU_22_A033","BU_22_A033-6_B.jpg",0.614,0.18
"282","BU_22_A033","BU_22_A033-6_B.jpg",0.465,0.163
"283","BU_22_A033","BU_22_A033-6_C.jpg",0.856,0.165
"284","BU_22_A033","BU_22_A033-6_C.jpg",0.818,0.194
"285","BU_22_A033","BU_22_A033-6_C.jpg",0.551,0.188
"286","BU_22_A033","BU_22_A033-6_D.jpg",0.875,0.245
"287","BU_22_A033","BU_22_A033-6_D.jpg",0.467,0.166
"288","BU_22_A033","BU_22_A033-6_D.jpg",0.713,0.153
"289","BU_22_A033","BU_22_A033-7_A.jpg",0.764,0.13
"290","BU_22_A033","BU_22_A033-7_A.jpg",0.717,0.107
"291","BU_22_A033","BU_22_A033-7_A.jpg",0.675,0.173
"292","BU_22_A033","BU_22_A033-7_A.jpg",0.627,0.187
"293","BU_22_A033","BU_22_A033-7_A.jpg",0.531,0.178
"294","BU_22_A033","BU_22_A033-7_A.jpg",0.753,0.216
"295","BU_22_A033","BU_22_A033-7_B.jpg",0.608,0.095
"296","BU_22_A033","BU_22_A033-7_B.jpg",0.535,0.111
"297","BU_22_A033","BU_22_A033-7_B.jpg",0.867,0.139
"298","BU_22_A033","BU_22_A033-7_B.jpg",0.572,0.215
"299","BU_22_A033","BU_22_A033-7_B.jpg",0.606,0.161
"300","BU_22_A033","BU_22_A033-7_B.jpg",0.635,0.217
"301","BU_22_A033","BU_22_A033-7_B.jpg",0.539,0.227
"302","BU_22_A033","BU_22_A033-7_C.jpg",0.77,0.178
"303","BU_22_A033","BU_22_A033-7_C.jpg",0.646,0.111
"304","BU_22_A033","BU_22_A033-7_C.jpg",0.669,0.107
"305","BU_22_A033","BU_22_A033-7_C.jpg",0.824,0.113
"306","BU_22_A033","BU_22_A033-7_C.jpg",0.643,0.104
"307","BU_22_A033","BU_22_A033-7_C.jpg",0.603,0.08
"308","BU_22_A033","BU_22_A033-7_C.jpg",0.52,0.198
"309","BU_22_A033","BU_22_A033-7_D.jpg",0.581,0.247
"310","BU_22_A033","BU_22_A033-7_D.jpg",0.884,0.109
"311","BU_22_A033","BU_22_A033-7_D.jpg",0.665,0.142
"312","BU_22_A033","BU_22_A033-7_D.jpg",0.628,0.109
"313","BU_22_A033","BU_22_A033-7_D.jpg",0.776,0.154
"314","BU_22_A033","BU_22_A033-7_D.jpg",0.442,0.142
"315","BU_22_A033","BU_22_A033-7_D.jpg",0.49,0.127
"316","BU_22_A033","BU_22_A033-8_A.jpg",0.74,0.151
"317","BU_22_A033","BU_22_A033-8_B.jpg",0.916,0.115
"318","BU_22_A033","BU_22_A033-8_B.jpg",0.72,0.161
"319","BU_22_A033","BU_22_A033-8_B.jpg",0.716,0.191
"320","BU_22_A033","BU_22_A033-8_C.jpg",0.457,0.156
"321","BU_22_A033","BU_22_A033-8_C.jpg",0.599,0.166
"322","BU_22_A033","BU_22_A033-8_C.jpg",0.6,0.133
"323","BU_22_A033","BU_22_A033-8_C.jpg",1.119,0.18
"324","BU_22_A033","BU_22_A033-8_D.jpg",0.853,0.148
"325","BU_22_A033","BU_22_A033-8_D.jpg",0.692,0.119
"326","BU_22_A033","BU_22_A033-8_D.jpg",0.59,0.216
"327","BU_22_A045","BU_22_A045-1_A.jpg",0.935,0.191
"328","BU_22_A045","BU_22_A045-1_A.jpg",0.985,0.262
"329","BU_22_A045","BU_22_A045-1_A.jpg",1.295,0.231
"330","BU_22_A045","BU_22_A045-1_A.jpg",1.07,0.174
"331","BU_22_A045","BU_22_A045-1_A.jpg",1.189,0.214
"332","BU_22_A045","BU_22_A045-1_A.jpg",1.343,0.287
"333","BU_22_A045","BU_22_A045-1_A.jpg",1.03,0.196
"334","BU_22_A045","BU_22_A045-1_A.jpg",0.719,0.189
"335","BU_22_A045","BU_22_A045-1_A.jpg",1.112,0.251
"336","BU_22_A045","BU_22_A045-1_B.jpg",1.472,0.31
"337","BU_22_A045","BU_22_A045-1_B.jpg",1.021,0.283
"338","BU_22_A045","BU_22_A045-1_B.jpg",1.236,0.262
"339","BU_22_A045","BU_22_A045-1_B.jpg",0.852,0.206
"340","BU_22_A045","BU_22_A045-1_B.jpg",1.133,0.335
"341","BU_22_A045","BU_22_A045-1_B.jpg",1.228,0.3
"342","BU_22_A045","BU_22_A045-1_B.jpg",1.043,0.258
"343","BU_22_A045","BU_22_A045-1_B.jpg",0.961,0.265
"344","BU_22_A045","BU_22_A045-1_B.jpg",0.967,0.197
"345","BU_22_A045","BU_22_A045-1_B.jpg",0.852,0.215
"346","BU_22_A045","BU_22_A045-1_B.jpg",0.739,0.256
"347","BU_22_A045","BU_22_A045-1_B.jpg",0.575,0.227
"348","BU_22_A045","BU_22_A045-1_B.jpg",0.5,0.226
"349","BU_22_A045","BU_22_A045-1_B.jpg",0.601,0.239
"350","BU_22_A045","BU_22_A045-1_C.jpg",1.126,0.287
"351","BU_22_A045","BU_22_A045-1_C.jpg",0.803,0.288
"352","BU_22_A045","BU_22_A045-1_C.jpg",0.991,0.301
"353","BU_22_A045","BU_22_A045-1_C.jpg",1.16,0.306
"354","BU_22_A045","BU_22_A045-1_C.jpg",1.155,0.217
"355","BU_22_A045","BU_22_A045-1_C.jpg",0.851,0.211
"356","BU_22_A045","BU_22_A045-1_C.jpg",0.965,0.304
"357","BU_22_A045","BU_22_A045-1_C.jpg",0.637,0.222
"358","BU_22_A045","BU_22_A045-1_C.jpg",0.746,0.22
"359","BU_22_A045","BU_22_A045-1_D.jpg",1.41,0.327
"360","BU_22_A045","BU_22_A045-1_D.jpg",1.199,0.199
"361","BU_22_A045","BU_22_A045-1_D.jpg",0.863,0.198
"362","BU_22_A045","BU_22_A045-1_D.jpg",0.711,0.203
"363","BU_22_A045","BU_22_A045-1_D.jpg",0.582,0.259
"364","BU_22_A045","BU_22_A045-1_D.jpg",0.631,0.235
"365","BU_22_A045","BU_22_A045-1_D.jpg",1.053,0.325
"366","BU_22_A045","BU_22_A045-1_D.jpg",1.215,0.317
"367","BU_22_A045","BU_22_A045-1_D.jpg",1.196,0.422
"368","BU_22_A045","BU_22_A045-1_D.jpg",0.627,0.257
"369","BU_22_A045","BU_22_A045-1_D.jpg",0.84,0.189
"370","BU_22_A045","BU_22_A045-1_D.jpg",0.809,0.254
"371","BU_22_A045","BU_22_A045-2_A.jpg",0.616,0.219
"372","BU_22_A045","BU_22_A045-2_A.jpg",0.632,0.118
"373","BU_22_A045","BU_22_A045-2_A.jpg",0.993,0.248
"374","BU_22_A045","BU_22_A045-2_A.jpg",0.661,0.267
"375","BU_22_A045","BU_22_A045-2_A.jpg",0.446,0.197
"376","BU_22_A045","BU_22_A045-2_A.jpg",1.483,0.278
"377","BU_22_A045","BU_22_A045-2_A.jpg",1.014,0.161
"378","BU_22_A045","BU_22_A045-2_B.jpg",0.87,0.322
"379","BU_22_A045","BU_22_A045-2_B.jpg",0.929,0.233
"380","BU_22_A045","BU_22_A045-2_B.jpg",0.576,0.191
"381","BU_22_A045","BU_22_A045-2_B.jpg",0.515,0.172
"382","BU_22_A045","BU_22_A045-2_B.jpg",0.683,0.301
"383","BU_22_A045","BU_22_A045-2_B.jpg",0.635,0.244
"384","BU_22_A045","BU_22_A045-2_C.jpg",1.137,0.306
"385","BU_22_A045","BU_22_A045-2_C.jpg",0.981,0.152
"386","BU_22_A045","BU_22_A045-2_C.jpg",0.872,0.197
"387","BU_22_A045","BU_22_A045-2_C.jpg",0.732,0.183
"388","BU_22_A045","BU_22_A045-2_C.jpg",0.566,0.186
"389","BU_22_A045","BU_22_A045-2_C.jpg",0.549,0.159
"390","BU_22_A045","BU_22_A045-2_C.jpg",0.466,0.212
"391","BU_22_A045","BU_22_A045-2_C.jpg",0.938,0.268
"392","BU_22_A045","BU_22_A045-2_D.jpg",0.982,0.239
"393","BU_22_A045","BU_22_A045-2_D.jpg",0.721,0.337
"394","BU_22_A045","BU_22_A045-2_D.jpg",1.386,0.35
"395","BU_22_A045","BU_22_A045-2_D.jpg",0.693,0.242
"396","BU_22_A045","BU_22_A045-2_D.jpg",0.669,0.185
"397","BU_22_A045","BU_22_A045-2_D.jpg",0.62,0.227
"398","BU_22_A045","BU_22_A045-2_D.jpg",0.599,0.248
"399","BU_22_A045","BU_22_A045-2_D.jpg",0.627,0.212
"400","BU_22_A045","BU_22_A045-2_D.jpg",0.609,0.197
"401","BU_22_A045","BU_22_A045-2_D.jpg",0.637,0.243
"402","BU_22_A045","BU_22_A045-2_D.jpg",0.926,0.198
"403","BU_22_A045","BU_22_A045-2_D.jpg",0.666,0.167
"404","BU_22_A045","BU_22_A045-3_A.jpg",0.558,0.226
"405","BU_22_A045","BU_22_A045-3_A.jpg",0.582,0.215
"406","BU_22_A045","BU_22_A045-3_A.jpg",0.69,0.216
"407","BU_22_A045","BU_22_A045-3_A.jpg",0.561,0.251
"408","BU_22_A045","BU_22_A045-3_A.jpg",0.748,0.187
"409","BU_22_A045","BU_22_A045-3_A.jpg",0.745,0.252
"410","BU_22_A045","BU_22_A045-3_A.jpg",0.799,0.21
"411","BU_22_A045","BU_22_A045-3_A.jpg",0.522,0.213
"412","BU_22_A045","BU_22_A045-3_A.jpg",0.464,0.135
"413","BU_22_A045","BU_22_A045-3_A.jpg",0.428,0.194
"414","BU_22_A045","BU_22_A045-3_A.jpg",0.471,0.209
"415","BU_22_A045","BU_22_A045-3_B.jpg",1.091,0.358
"416","BU_22_A045","BU_22_A045-3_B.jpg",0.612,0.208
"417","BU_22_A045","BU_22_A045-3_B.jpg",0.451,0.117
"418","BU_22_A045","BU_22_A045-3_B.jpg",0.537,0.201
"419","BU_22_A045","BU_22_A045-3_B.jpg",0.823,0.191
"420","BU_22_A045","BU_22_A045-3_B.jpg",0.672,0.2
"421","BU_22_A045","BU_22_A045-3_B.jpg",0.427,0.212
"422","BU_22_A045","BU_22_A045-3_B.jpg",0.531,0.169
"423","BU_22_A045","BU_22_A045-3_B.jpg",0.474,0.212
"424","BU_22_A045","BU_22_A045-3_B.jpg",0.733,0.182
"425","BU_22_A045","BU_22_A045-3_C.jpg",0.97,0.143
"426","BU_22_A045","BU_22_A045-3_C.jpg",0.603,0.251
"427","BU_22_A045","BU_22_A045-3_C.jpg",0.642,0.173
"428","BU_22_A045","BU_22_A045-3_C.jpg",0.377,0.157
"429","BU_22_A045","BU_22_A045-3_C.jpg",0.71,0.106
"430","BU_22_A045","BU_22_A045-3_C.jpg",0.598,0.171
"431","BU_22_A045","BU_22_A045-3_C.jpg",0.822,0.203
"432","BU_22_A045","BU_22_A045-3_C.jpg",0.66,0.215
"433","BU_22_A045","BU_22_A045-3_C.jpg",0.409,0.161
"434","BU_22_A045","BU_22_A045-3_C.jpg",0.597,0.127
"435","BU_22_A045","BU_22_A045-3_C.jpg",0.616,0.183
"436","BU_22_A045","BU_22_A045-3_D.jpg",0.388,0.17
"437","BU_22_A045","BU_22_A045-3_D.jpg",0.484,0.179
"438","BU_22_A045","BU_22_A045-3_D.jpg",0.612,0.135
"439","BU_22_A045","BU_22_A045-3_D.jpg",0.669,0.222
"440","BU_22_A045","BU_22_A045-3_D.jpg",0.41,0.163
"441","BU_22_A045","BU_22_A045-3_D.jpg",0.536,0.134
"442","BU_22_A045","BU_22_A045-3_D.jpg",0.463,0.188
"443","BU_22_A045","BU_22_A045-3_D.jpg",0.652,0.261
"444","BU_22_A045","BU_22_A045-3_D.jpg",0.536,0.2
"445","BU_22_A045","BU_22_A045-3_D.jpg",0.518,0.178
"446","BU_22_A045","BU_22_A045-3_D.jpg",0.442,0.153
"447","BU_22_A045","BU_22_A045-4_A.jpg",0.676,0.257
"448","BU_22_A045","BU_22_A045-4_A.jpg",0.692,0.163
"449","BU_22_A045","BU_22_A045-4_A.jpg",0.438,0.163
"450","BU_22_A045","BU_22_A045-4_A.jpg",0.661,0.175
"451","BU_22_A045","BU_22_A045-4_A.jpg",1.205,0.185
"452","BU_22_A045","BU_22_A045-4_A.jpg",0.748,0.197
"453","BU_22_A045","BU_22_A045-4_A.jpg",0.649,0.232
"454","BU_22_A045","BU_22_A045-4_A.jpg",0.877,0.212
"455","BU_22_A045","BU_22_A045-4_A.jpg",0.502,0.213
"456","BU_22_A045","BU_22_A045-4_A.jpg",0.681,0.217
"457","BU_22_A045","BU_22_A045-4_A.jpg",0.446,0.163
"458","BU_22_A045","BU_22_A045-4_A.jpg",0.795,0.287
"459","BU_22_A045","BU_22_A045-4_A.jpg",0.562,0.238
"460","BU_22_A045","BU_22_A045-4_A.jpg",0.52,0.219
"461","BU_22_A045","BU_22_A045-4_B.jpg",0.716,0.146
"462","BU_22_A045","BU_22_A045-4_B.jpg",1.019,0.204
"463","BU_22_A045","BU_22_A045-4_B.jpg",0.699,0.247
"464","BU_22_A045","BU_22_A045-4_B.jpg",1.218,0.321
"465","BU_22_A045","BU_22_A045-4_B.jpg",0.536,0.184
"466","BU_22_A045","BU_22_A045-4_B.jpg",0.474,0.15
"467","BU_22_A045","BU_22_A045-4_B.jpg",0.479,0.245
"468","BU_22_A045","BU_22_A045-4_B.jpg",0.529,0.203
"469","BU_22_A045","BU_22_A045-4_B.jpg",0.522,0.191
"470","BU_22_A045","BU_22_A045-4_B.jpg",0.581,0.193
"471","BU_22_A045","BU_22_A045-4_B.jpg",0.514,0.178
"472","BU_22_A045","BU_22_A045-4_B.jpg",0.664,0.145
"473","BU_22_A045","BU_22_A045-4_B.jpg",0.513,0.203
"474","BU_22_A045","BU_22_A045-4_C.jpg",0.893,0.218
"475","BU_22_A045","BU_22_A045-4_C.jpg",0.648,0.14
"476","BU_22_A045","BU_22_A045-4_C.jpg",0.478,0.17
"477","BU_22_A045","BU_22_A045-4_C.jpg",0.616,0.249
"478","BU_22_A045","BU_22_A045-4_C.jpg",0.538,0.226
"479","BU_22_A045","BU_22_A045-4_C.jpg",0.539,0.183
"480","BU_22_A045","BU_22_A045-4_C.jpg",0.668,0.228
"481","BU_22_A045","BU_22_A045-4_C.jpg",0.549,0.226
"482","BU_22_A045","BU_22_A045-4_C.jpg",0.602,0.179
"483","BU_22_A045","BU_22_A045-4_C.jpg",0.535,0.153
"484","BU_22_A045","BU_22_A045-4_D.jpg",0.688,0.237
"485","BU_22_A045","BU_22_A045-4_D.jpg",0.633,0.207
"486","BU_22_A045","BU_22_A045-4_D.jpg",0.513,0.267
"487","BU_22_A045","BU_22_A045-4_D.jpg",0.676,0.189
"488","BU_22_A045","BU_22_A045-4_D.jpg",0.561,0.231
"489","BU_22_A045","BU_22_A045-4_D.jpg",0.788,0.208
"490","BU_22_A045","BU_22_A045-5_A.jpg",1.189,0.194
"491","BU_22_A045","BU_22_A045-5_A.jpg",0.919,0.262
"492","BU_22_A045","BU_22_A045-5_A.jpg",1.336,0.261
"493","BU_22_A045","BU_22_A045-5_A.jpg",1.253,0.174
"494","BU_22_A045","BU_22_A045-5_A.jpg",0.532,0.225
"495","BU_22_A045","BU_22_A045-5_A.jpg",1.062,0.263
"496","BU_22_A045","BU_22_A045-5_A.jpg",0.548,0.215
"497","BU_22_A045","BU_22_A045-5_A.jpg",0.698,0.242
"498","BU_22_A045","BU_22_A045-5_A.jpg",0.766,0.305
"499","BU_22_A045","BU_22_A045-5_A.jpg",0.564,0.236
"500","BU_22_A045","BU_22_A045-5_A.jpg",0.68,0.116
"501","BU_22_A045","BU_22_A045-5_A.jpg",0.997,0.268
"502","BU_22_A045","BU_22_A045-5_A.jpg",0.904,0.285
"503","BU_22_A045","BU_22_A045-5_A.jpg",1.07,0.237
"504","BU_22_A045","BU_22_A045-5_A.jpg",0.643,0.207
"505","BU_22_A045","BU_22_A045-5_A.jpg",0.684,0.263
"506","BU_22_A045","BU_22_A045-5_B.jpg",0.885,0.31
"507","BU_22_A045","BU_22_A045-5_B.jpg",0.922,0.257
"508","BU_22_A045","BU_22_A045-5_B.jpg",1.033,0.197
"509","BU_22_A045","BU_22_A045-5_B.jpg",0.581,0.171
"510","BU_22_A045","BU_22_A045-5_B.jpg",0.52,0.285
"511","BU_22_A045","BU_22_A045-5_B.jpg",0.843,0.14
"512","BU_22_A045","BU_22_A045-5_B.jpg",0.564,0.176
"513","BU_22_A045","BU_22_A045-5_B.jpg",0.628,0.231
"514","BU_22_A045","BU_22_A045-5_B.jpg",0.75,0.244
"515","BU_22_A045","BU_22_A045-5_B.jpg",0.62,0.188
"516","BU_22_A045","BU_22_A045-5_B.jpg",0.602,0.216
"517","BU_22_A045","BU_22_A045-5_B.jpg",0.677,0.239
"518","BU_22_A045","BU_22_A045-5_B.jpg",0.652,0.227
"519","BU_22_A045","BU_22_A045-5_C.jpg",0.721,0.227
"520","BU_22_A045","BU_22_A045-5_C.jpg",0.981,0.178
"521","BU_22_A045","BU_22_A045-5_C.jpg",0.539,0.141
"522","BU_22_A045","BU_22_A045-5_C.jpg",0.599,0.188
"523","BU_22_A045","BU_22_A045-5_C.jpg",0.714,0.247
"524","BU_22_A045","BU_22_A045-5_C.jpg",0.782,0.27
"525","BU_22_A045","BU_22_A045-5_C.jpg",0.828,0.221
"526","BU_22_A045","BU_22_A045-5_C.jpg",0.558,0.216
"527","BU_22_A045","BU_22_A045-5_C.jpg",0.906,0.289
"528","BU_22_A045","BU_22_A045-5_C.jpg",0.823,0.231
"529","BU_22_A045","BU_22_A045-5_C.jpg",0.606,0.321
"530","BU_22_A045","BU_22_A045-5_C.jpg",0.582,0.233
"531","BU_22_A045","BU_22_A045-5_C.jpg",0.671,0.229
"532","BU_22_A045","BU_22_A045-5_C.jpg",0.533,0.179
"533","BU_22_A045","BU_22_A045-5_D.jpg",0.997,0.178
"534","BU_22_A045","BU_22_A045-5_D.jpg",0.763,0.245
"535","BU_22_A045","BU_22_A045-5_D.jpg",0.548,0.214
"536","BU_22_A045","BU_22_A045-5_D.jpg",0.518,0.152
"537","BU_22_A045","BU_22_A045-5_D.jpg",0.478,0.118
"538","BU_22_A045","BU_22_A045-6_A.jpg",0.925,0.214
"539","BU_22_A045","BU_22_A045-6_A.jpg",0.842,0.247
"540","BU_22_A045","BU_22_A045-6_A.jpg",1.106,0.196
"541","BU_22_A045","BU_22_A045-6_A.jpg",0.75,0.24
"542","BU_22_A045","BU_22_A045-6_A.jpg",0.887,0.201
"543","BU_22_A045","BU_22_A045-6_A.jpg",0.63,0.232
"544","BU_22_A045","BU_22_A045-6_A.jpg",0.728,0.259
"545","BU_22_A045","BU_22_A045-6_A.jpg",1.078,0.206
"546","BU_22_A045","BU_22_A045-6_A.jpg",0.548,0.265
"547","BU_22_A045","BU_22_A045-6_A.jpg",0.891,0.207
"548","BU_22_A045","BU_22_A045-6_A.jpg",0.827,0.218
"549","BU_22_A045","BU_22_A045-6_A.jpg",0.716,0.204
"550","BU_22_A045","BU_22_A045-6_A.jpg",0.552,0.271
"551","BU_22_A045","BU_22_A045-6_B.jpg",1.001,0.166
"552","BU_22_A045","BU_22_A045-6_B.jpg",0.708,0.298
"553","BU_22_A045","BU_22_A045-6_B.jpg",0.832,0.294
"554","BU_22_A045","BU_22_A045-6_B.jpg",0.556,0.223
"555","BU_22_A045","BU_22_A045-6_B.jpg",0.703,0.248
"556","BU_22_A045","BU_22_A045-6_B.jpg",0.558,0.183
"557","BU_22_A045","BU_22_A045-6_B.jpg",0.636,0.235
"558","BU_22_A045","BU_22_A045-6_B.jpg",0.85,0.204
"559","BU_22_A045","BU_22_A045-6_B.jpg",0.614,0.167
"560","BU_22_A045","BU_22_A045-6_B.jpg",0.71,0.169
"561","BU_22_A045","BU_22_A045-6_C.jpg",0.65,0.217
"562","BU_22_A045","BU_22_A045-6_C.jpg",1.043,0.247
"563","BU_22_A045","BU_22_A045-6_C.jpg",0.563,0.268
"564","BU_22_A045","BU_22_A045-6_C.jpg",0.75,0.109
"565","BU_22_A045","BU_22_A045-6_C.jpg",0.961,0.304
"566","BU_22_A045","BU_22_A045-6_C.jpg",0.702,0.16
"567","BU_22_A045","BU_22_A045-6_C.jpg",0.672,0.18
"568","BU_22_A045","BU_22_A045-6_C.jpg",1.022,0.274
"569","BU_22_A045","BU_22_A045-6_C.jpg",0.653,0.205
"570","BU_22_A045","BU_22_A045-6_C.jpg",0.644,0.149
"571","BU_22_A045","BU_22_A045-6_C.jpg",0.639,0.311
"572","BU_22_A045","BU_22_A045-6_C.jpg",0.495,0.287
"573","BU_22_A045","BU_22_A045-6_C.jpg",0.535,0.199
"574","BU_22_A045","BU_22_A045-6_C.jpg",1.08,0.265
"575","BU_22_A045","BU_22_A045-6_D.jpg",0.959,0.305
"576","BU_22_A045","BU_22_A045-6_D.jpg",0.576,0.132
"577","BU_22_A045","BU_22_A045-6_D.jpg",1.094,0.195
"578","BU_22_A045","BU_22_A045-6_D.jpg",1.247,0.259
"579","BU_22_A045","BU_22_A045-6_D.jpg",0.861,0.294
"580","BU_22_A045","BU_22_A045-6_D.jpg",0.631,0.259
"581","BU_22_A045","BU_22_A045-6_D.jpg",0.539,0.244
"582","BU_22_A045","BU_22_A045-6_D.jpg",0.798,0.145
"583","BU_22_A045","BU_22_A045-6_D.jpg",1.157,0.205
"584","BU_22_A045","BU_22_A045-6_D.jpg",0.575,0.178
"585","BU_22_A045","BU_22_A045-6_D.jpg",0.667,0.239
"586","BU_22_A045","BU_22_A045-6_D.jpg",0.86,0.22
"587","BU_22_A045","BU_22_A045-7_A.jpg",1.531,0.371
"588","BU_22_A045","BU_22_A045-7_A.jpg",1.293,0.313
"589","BU_22_A045","BU_22_A045-7_A.jpg",1.084,0.394
"590","BU_22_A045","BU_22_A045-7_A.jpg",0.567,0.212
"591","BU_22_A045","BU_22_A045-7_A.jpg",0.475,0.21
"592","BU_22_A045","BU_22_A045-7_A.jpg",0.575,0.238
"593","BU_22_A045","BU_22_A045-7_A.jpg",0.48,0.164
"594","BU_22_A045","BU_22_A045-7_A.jpg",0.533,0.077
"595","BU_22_A045","BU_22_A045-7_A.jpg",0.705,0.171
"596","BU_22_A045","BU_22_A045-7_A.jpg",0.546,0.239
"597","BU_22_A045","BU_22_A045-7_A.jpg",0.756,0.265
"598","BU_22_A045","BU_22_A045-7_A.jpg",0.677,0.126
"599","BU_22_A045","BU_22_A045-7_A.jpg",1.086,0.287
"600","BU_22_A045","BU_22_A045-7_A.jpg",0.571,0.201
"601","BU_22_A045","BU_22_A045-7_A.jpg",0.567,0.227
"602","BU_22_A045","BU_22_A045-7_A.jpg",0.742,0.164
"603","BU_22_A045","BU_22_A045-7_A.jpg",0.512,0.191
"604","BU_22_A045","BU_22_A045-7_B.jpg",0.527,0.198
"605","BU_22_A045","BU_22_A045-7_B.jpg",0.985,0.145
"606","BU_22_A045","BU_22_A045-7_B.jpg",1.287,0.333
"607","BU_22_A045","BU_22_A045-7_B.jpg",0.676,0.283
"608","BU_22_A045","BU_22_A045-7_B.jpg",0.843,0.133
"609","BU_22_A045","BU_22_A045-7_B.jpg",0.683,0.142
"610","BU_22_A045","BU_22_A045-7_B.jpg",0.548,0.157
"611","BU_22_A045","BU_22_A045-7_B.jpg",0.349,0.17
"612","BU_22_A045","BU_22_A045-7_B.jpg",0.38,0.172
"613","BU_22_A045","BU_22_A045-7_B.jpg",0.652,0.175
"614","BU_22_A045","BU_22_A045-7_B.jpg",0.513,0.293
"615","BU_22_A045","BU_22_A045-7_B.jpg",0.601,0.199
"616","BU_22_A045","BU_22_A045-7_B.jpg",0.518,0.198
"617","BU_22_A045","BU_22_A045-7_B.jpg",0.606,0.181
"618","BU_22_A045","BU_22_A045-7_B.jpg",0.527,0.216
"619","BU_22_A045","BU_22_A045-7_B.jpg",0.455,0.138
"620","BU_22_A045","BU_22_A045-7_C.jpg",1.437,0.312
"621","BU_22_A045","BU_22_A045-7_C.jpg",1.604,0.148
"622","BU_22_A045","BU_22_A045-7_C.jpg",1.138,0.305
"623","BU_22_A045","BU_22_A045-7_C.jpg",0.674,0.183
"624","BU_22_A045","BU_22_A045-7_C.jpg",0.552,0.22
"625","BU_22_A045","BU_22_A045-7_C.jpg",0.848,0.287
"626","BU_22_A045","BU_22_A045-7_C.jpg",1.059,0.238
"627","BU_22_A045","BU_22_A045-7_C.jpg",0.592,0.132
"628","BU_22_A045","BU_22_A045-7_C.jpg",0.591,0.135
"629","BU_22_A045","BU_22_A045-7_C.jpg",0.349,0.233
"630","BU_22_A045","BU_22_A045-7_C.jpg",0.469,0.271
"631","BU_22_A045","BU_22_A045-7_C.jpg",0.557,0.2
"632","BU_22_A045","BU_22_A045-7_C.jpg",0.577,0.216
"633","BU_22_A045","BU_22_A045-7_D.jpg",1.311,0.321
"634","BU_22_A045","BU_22_A045-7_D.jpg",0.765,0.248
"635","BU_22_A045","BU_22_A045-7_D.jpg",0.556,0.191
"636","BU_22_A045","BU_22_A045-7_D.jpg",0.822,0.204
"637","BU_22_A045","BU_22_A045-7_D.jpg",0.862,0.247
"638","BU_22_A045","BU_22_A045-7_D.jpg",0.772,0.266
"639","BU_22_A045","BU_22_A045-7_D.jpg",0.714,0.17
"640","BU_22_A045","BU_22_A045-7_D.jpg",0.685,0.275
"641","BU_22_A045","BU_22_A045-7_D.jpg",0.604,0.256
"642","BU_22_A045","BU_22_A045-7_D.jpg",0.533,0.159
"643","BU_22_A045","BU_22_A045-8_A.jpg",0.605,0.2
"644","BU_22_A045","BU_22_A045-8_A.jpg",0.457,0.115
"645","BU_22_A045","BU_22_A045-8_A.jpg",0.819,0.203
"646","BU_22_A045","BU_22_A045-8_A.jpg",0.567,0.156
"647","BU_22_A045","BU_22_A045-8_A.jpg",0.549,0.226
"648","BU_22_A045","BU_22_A045-8_A.jpg",0.883,0.232
"649","BU_22_A045","BU_22_A045-8_A.jpg",0.999,0.243
"650","BU_22_A045","BU_22_A045-8_A.jpg",1.055,0.232
"651","BU_22_A045","BU_22_A045-8_A.jpg",0.59,0.118
"652","BU_22_A045","BU_22_A045-8_A.jpg",0.48,0.117
"653","BU_22_A045","BU_22_A045-8_A.jpg",0.75,0.181
"654","BU_22_A045","BU_22_A045-8_A.jpg",0.585,0.131
"655","BU_22_A045","BU_22_A045-8_B.jpg",0.616,0.215
"656","BU_22_A045","BU_22_A045-8_B.jpg",0.764,0.163
"657","BU_22_A045","BU_22_A045-8_B.jpg",0.501,0.237
"658","BU_22_A045","BU_22_A045-8_B.jpg",0.644,0.223
"659","BU_22_A045","BU_22_A045-8_B.jpg",0.877,0.181
"660","BU_22_A045","BU_22_A045-8_B.jpg",0.636,0.201
"661","BU_22_A045","BU_22_A045-8_B.jpg",0.59,0.215
"662","BU_22_A045","BU_22_A045-8_B.jpg",0.669,0.251
"663","BU_22_A045","BU_22_A045-8_B.jpg",0.423,0.179
"664","BU_22_A045","BU_22_A045-8_B.jpg",0.648,0.221
"665","BU_22_A045","BU_22_A045-8_B.jpg",0.425,0.208
"666","BU_22_A045","BU_22_A045-8_B.jpg",0.431,0.113
"667","BU_22_A045","BU_22_A045-8_C.jpg",0.813,0.292
"668","BU_22_A045","BU_22_A045-8_C.jpg",0.559,0.271
"669","BU_22_A045","BU_22_A045-8_C.jpg",0.681,0.163
"670","BU_22_A045","BU_22_A045-8_C.jpg",0.564,0.159
"671","BU_22_A045","BU_22_A045-8_C.jpg",0.799,0.234
"672","BU_22_A045","BU_22_A045-8_C.jpg",0.986,0.226
"673","BU_22_A045","BU_22_A045-8_C.jpg",0.713,0.235
"674","BU_22_A045","BU_22_A045-8_C.jpg",0.453,0.189
"675","BU_22_A045","BU_22_A045-8_C.jpg",0.821,0.239
"676","BU_22_A045","BU_22_A045-8_C.jpg",0.539,0.239
"677","BU_22_A045","BU_22_A045-8_C.jpg",0.541,0.209
"678","BU_22_A045","BU_22_A045-8_C.jpg",0.428,0.274
"679","BU_22_A045","BU_22_A045-8_C.jpg",0.588,0.235
"680","BU_22_A045","BU_22_A045-8_D.jpg",1.089,0.262
"681","BU_22_A045","BU_22_A045-8_D.jpg",0.619,0.165
"682","BU_22_A045","BU_22_A045-8_D.jpg",1.2,0.188
"683","BU_22_A045","BU_22_A045-8_D.jpg",1.245,0.229
"684","BU_22_A045","BU_22_A045-8_D.jpg",0.711,0.209
"685","BU_22_A045","BU_22_A045-8_D.jpg",0.954,0.278
"686","BU_22_A045","BU_22_A045-8_D.jpg",0.562,0.119
"687","BU_22_A045","BU_22_A045-8_D.jpg",0.894,0.228
"688","BU_22_A045","BU_22_A045-8_D.jpg",0.592,0.166
"689","BU_22_A045","BU_22_A045-8_D.jpg",0.619,0.223
"690","BU_22_A045","BU_22_A045-8_D.jpg",0.513,0.139
"691","BU_22_A045","BU_22_A045-8_D.jpg",0.561,0.152
"692","BU_22_A045","BU_22_A045-9_A.jpg",0.699,0.178
"693","BU_22_A045","BU_22_A045-9_A.jpg",1.144,0.172
"694","BU_22_A045","BU_22_A045-9_A.jpg",1.257,0.229
"695","BU_22_A045","BU_22_A045-9_A.jpg",0.517,0.168
"696","BU_22_A045","BU_22_A045-9_A.jpg",0.853,0.126
"697","BU_22_A045","BU_22_A045-9_A.jpg",0.604,0.228
"698","BU_22_A045","BU_22_A045-9_A.jpg",0.503,0.196
"699","BU_22_A045","BU_22_A045-9_B.jpg",0.937,0.189
"700","BU_22_A045","BU_22_A045-9_B.jpg",0.867,0.214
"701","BU_22_A045","BU_22_A045-9_B.jpg",0.908,0.175
"702","BU_22_A045","BU_22_A045-9_B.jpg",1.139,0.384
"703","BU_22_A045","BU_22_A045-9_B.jpg",0.594,0.203
"704","BU_22_A045","BU_22_A045-9_B.jpg",0.835,0.196
"705","BU_22_A045","BU_22_A045-9_B.jpg",0.837,0.227
"706","BU_22_A045","BU_22_A045-9_B.jpg",0.544,0.157
"707","BU_22_A045","BU_22_A045-9_B.jpg",0.796,0.198
"708","BU_22_A045","BU_22_A045-9_B.jpg",0.615,0.238
"709","BU_22_A045","BU_22_A045-9_C.jpg",1.018,0.258
"710","BU_22_A045","BU_22_A045-9_C.jpg",0.832,0.201
"711","BU_22_A045","BU_22_A045-9_C.jpg",0.795,0.21
"712","BU_22_A045","BU_22_A045-9_C.jpg",0.677,0.175
"713","BU_22_A045","BU_22_A045-9_C.jpg",0.69,0.127
"714","BU_22_A045","BU_22_A045-9_C.jpg",0.948,0.161
"715","BU_22_A045","BU_22_A045-9_C.jpg",0.91,0.232
"716","BU_22_A045","BU_22_A045-9_C.jpg",0.756,0.214
"717","BU_22_A045","BU_22_A045-9_C.jpg",0.76,0.218
"718","BU_22_A045","BU_22_A045-9_C.jpg",0.578,0.194
"719","BU_22_A045","BU_22_A045-9_C.jpg",0.578,0.245
"720","BU_22_A045","BU_22_A045-9_C.jpg",0.598,0.178
"721","BU_22_A045","BU_22_A045-9_C.jpg",0.466,0.226
"722","BU_22_A045","BU_22_A045-9_C.jpg",0.322,0.232
"723","BU_22_A045","BU_22_A045-9_C.jpg",0.436,0.255
"724","BU_22_A045","BU_22_A045-9_D.jpg",1.149,0.241
"725","BU_22_A045","BU_22_A045-9_D.jpg",0.684,0.276
"726","BU_22_A045","BU_22_A045-9_D.jpg",0.751,0.256
"727","BU_22_A045","BU_22_A045-9_D.jpg",1.13,0.244
"728","BU_22_A045","BU_22_A045-9_D.jpg",1.088,0.311
"729","BU_22_A045","BU_22_A045-9_D.jpg",0.532,0.195
"730","BU_22_A045","BU_22_A045-9_D.jpg",0.972,0.284
"731","BU_22_A045","BU_22_A045-9_D.jpg",0.715,0.117
"732","BU_22_A045","BU_22_A045-9_D.jpg",0.803,0.145
"733","BU_22_A045","BU_22_A045-9_D.jpg",0.539,0.148
"734","BU_22_A045","BU_22_A045-9_D.jpg",0.471,0.144
"735","BU_22_A045","BU_22_A045-9_D.jpg",0.677,0.134
